stationId,timestamp,timestampDate,value,unit,parameterNo,parameterName
11799,2026-08-23T01:30:00.000Z,2026-08-23 01:30:00,8.02,---,pH,pH
11788,2026-08-23T01:30:00.000Z,2026-08-23 01:30:00,21.52,°C,WT,Water Temperature
11811,2026-08-23T01:30:00.000Z,2026-08-23 01:30:00,2.68,mg/l,BOD,Biochemical Oxygen Demand
11805,2026-08-23T01:30:00.000Z,2026-08-23 01:30:00,2.91,mg/l,BOD,Biochemical Oxygen Demand
11799,2026-08-23T01:30:00.000Z,2026-08-23 01:30:00,1.21,m,Depth,Depth
11810,2026-08-23T01:30:00.000Z,2026-08-23 01:30:00,11.68,mg/l,CL,Chloride
11803,2026-08-22T14:30:00.000Z,2026-08-22 14:30:00,4.2,mg/l,BOD,Biochemical Oxygen Demand
11793,2026-08-23T01:30:00.000Z,2026-08-23 01:30:00,1.31,mg/l,NO3,Nitrate
11822,2026-08-23T01:30:00.000Z,2026-08-23 01:30:00,30.06,°C,WT,Water Temperature
11793,2026-08-23T01:30:00.000Z,2026-08-23 01:30:00,1014.05,mS/cm,EC,Conductivity
11811,2026-08-23T01:30:00.000Z,2026-08-23 01:30:00,38.68,m above MSL,S,Water Level
11815,2026-08-23T01:30:00.000Z,2026-08-23 01:30:00,328.02,NTU,WTb,Water Turbidity
11795,2026-08-23T01:30:00.000Z,2026-08-23 01:30:00,188.17,NTU,WTb,Water Turbidity
11815,2026-08-23T01:30:00.000Z,2026-08-23 01:30:00,31.35,°C,WT,Water Temperature
11795,2026-08-23T01:30:00.000Z,2026-08-23 01:30:00,29.14,°C,WT,Water Temperature
11807,2026-08-23T01:30:00.000Z,2026-08-23 01:30:00,12.71,mg/l,CL,Chloride
11822,2026-08-23T01:30:00.000Z,2026-08-23 01:30:00,6.02,mg/l,TOC,Total Organic Carbon
11799,2026-08-23T01:30:00.000Z,2026-08-23 01:30:00,1.79,mg/l,NO3,Nitrate
11788,2026-08-23T01:30:00.000Z,2026-08-23 01:30:00,1.0,mg/l,TOC,Total Organic Carbon
11820,2026-08-23T01:30:00.000Z,2026-08-23 01:30:00,8.12,---,pH,pH
11808,2026-08-23T01:30:00.000Z,2026-08-23 01:30:00,7.72,---,pH,pH
11799,2026-08-23T01:30:00.000Z,2026-08-23 01:30:00,361.82,mS/cm,EC,Conductivity
11810,2026-08-23T01:30:00.000Z,2026-08-23 01:30:00,91.94,NTU,WTb,Water Turbidity
11804,2026-08-23T01:30:00.000Z,2026-08-23 01:30:00,406.19,NTU,WTb,Water Turbidity
11786,2026-08-23T01:30:00.000Z,2026-08-23 01:30:00,1.42,m,Depth,Depth
11802,2026-08-23T01:30:00.000Z,2026-08-23 01:30:00,38.22,NTU,WTb,Water Turbidity
11808,2026-08-23T01:30:00.000Z,2026-08-23 01:30:00,38.39,m above MSL,S,Water Level
11793,2026-08-23T01:30:00.000Z,2026-08-23 01:30:00,2.89,mg/l,DO,Dissolved Oxygen
11802,2026-08-23T01:30:00.000Z,2026-08-23 01:30:00,30.69,°C,WT,Water Temperature
11785,2026-08-23T01:30:00.000Z,2026-08-23 01:30:00,5.0,mg/l,CL,Chloride
11793,2026-08-23T01:30:00.000Z,2026-08-23 01:30:00,21.65,mg/l,COD,Chemical Oxygen Demand
11821,2026-08-23T01:30:00.000Z,2026-08-23 01:30:00,640.64,m above MSL,S,Water Level
11820,2026-08-23T01:30:00.000Z,2026-08-23 01:30:00,0.3,mg/l,NO3,Nitrate
11808,2026-08-23T01:30:00.000Z,2026-08-23 01:30:00,0.3,mg/l,NO3,Nitrate
11815,2026-08-23T01:30:00.000Z,2026-08-23 01:30:00,4.14,mg/l,TOC,Total Organic Carbon
11795,2026-08-23T01:30:00.000Z,2026-08-23 01:30:00,1.0,mg/l,TOC,Total Organic Carbon
11810,2026-08-23T01:30:00.000Z,2026-08-23 01:30:00,33.02,°C,WT,Water Temperature
11804,2026-08-23T01:30:00.000Z,2026-08-23 01:30:00,30.75,°C,WT,Water Temperature
11799,2026-08-23T01:30:00.000Z,2026-08-23 01:30:00,5.02,mg/l,DO,Dissolved Oxygen
11806,2026-08-23T01:30:00.000Z,2026-08-23 01:30:00,1.14,m,Depth,Depth
11820,2026-08-23T01:30:00.000Z,2026-08-23 01:30:00,219.1,mS/cm,EC,Conductivity
11784,2026-08-23T01:30:00.000Z,2026-08-23 01:30:00,154.5,NTU,WTb,Water Turbidity
11808,2026-08-23T01:30:00.000Z,2026-08-23 01:30:00,234.8,mS/cm,EC,Conductivity
11799,2026-08-23T01:30:00.000Z,2026-08-23 01:30:00,5.94,mg/l,COD,Chemical Oxygen Demand
11812,2026-08-23T01:30:00.000Z,2026-08-23 01:30:00,0.9,m,Depth,Depth
11788,2026-08-23T01:30:00.000Z,2026-08-23 01:30:00,8.36,---,pH,pH
11810,2026-08-23T01:30:00.000Z,2026-08-23 01:30:00,4.75,mg/l,TOC,Total Organic Carbon
11784,2026-08-23T01:30:00.000Z,2026-08-23 01:30:00,27.02,°C,WT,Water Temperature
11804,2026-08-23T01:30:00.000Z,2026-08-23 01:30:00,5.73,mg/l,TOC,Total Organic Carbon
11802,2026-08-23T01:30:00.000Z,2026-08-23 01:30:00,8.29,mg/l,TOC,Total Organic Carbon
11793,2026-08-23T01:30:00.000Z,2026-08-23 01:30:00,5.42,mg/l,BOD,Biochemical Oxygen Demand
11822,2026-08-23T01:30:00.000Z,2026-08-23 01:30:00,8.18,---,pH,pH
11818,2026-08-23T01:30:00.000Z,2026-08-23 01:30:00,194.16,m above MSL,S,Water Level
11813,2026-08-23T01:30:00.000Z,2026-08-23 01:30:00,21.12,mg/l,CL,Chloride
11820,2026-08-23T01:30:00.000Z,2026-08-23 01:30:00,6.71,mg/l,DO,Dissolved Oxygen
11808,2026-08-23T01:30:00.000Z,2026-08-23 01:30:00,6.21,mg/l,DO,Dissolved Oxygen
11815,2026-08-23T01:30:00.000Z,2026-08-23 01:30:00,8.14,---,pH,pH
11795,2026-08-23T01:30:00.000Z,2026-08-23 01:30:00,8.74,---,pH,pH
11822,2026-08-23T01:30:00.000Z,2026-08-23 01:30:00,0.3,mg/l,NO3,Nitrate
11817,2026-08-23T01:30:00.000Z,2026-08-23 01:30:00,16.69,m above MSL,S,Water Level
11799,2026-08-23T01:30:00.000Z,2026-08-23 01:30:00,1.03,mg/l,BOD,Biochemical Oxygen Demand
11784,2026-08-23T01:30:00.000Z,2026-08-23 01:30:00,5.18,mg/l,TOC,Total Organic Carbon
11788,2026-08-23T01:30:00.000Z,2026-08-23 01:30:00,0.3,mg/l,NO3,Nitrate
11800,2026-08-23T01:30:00.000Z,2026-08-23 01:30:00,100.62,m above MSL,S,Water Level
11820,2026-08-23T01:30:00.000Z,2026-08-23 01:30:00,9.45,mg/l,COD,Chemical Oxygen Demand
11808,2026-08-23T01:30:00.000Z,2026-08-23 01:30:00,11.15,mg/l,COD,Chemical Oxygen Demand
11788,2026-08-23T01:30:00.000Z,2026-08-23 01:30:00,163.0,mS/cm,EC,Conductivity
11803,2026-08-22T14:30:00.000Z,2026-08-22 14:30:00,0.8,m,Depth,Depth
11814,2026-08-23T01:30:00.000Z,2026-08-23 01:30:00,31.16,mg/l,CL,Chloride
11792,2026-08-23T01:30:00.000Z,2026-08-23 01:30:00,313.41,NTU,WTb,Water Turbidity
11799,2026-08-23T01:30:00.000Z,2026-08-23 01:30:00,35.72,mg/l,CL,Chloride
11822,2026-08-23T01:30:00.000Z,2026-08-23 01:30:00,257.0,mS/cm,EC,Conductivity
11802,2026-08-23T01:30:00.000Z,2026-08-23 01:30:00,8.23,---,pH,pH
11792,2026-08-23T01:30:00.000Z,2026-08-23 01:30:00,31.02,°C,WT,Water Temperature
11820,2026-08-23T01:30:00.000Z,2026-08-23 01:30:00,2.09,mg/l,BOD,Biochemical Oxygen Demand
11796,2026-08-23T01:30:00.000Z,2026-08-23 01:30:00,29.71,mg/l,CL,Chloride
11808,2026-08-23T01:30:00.000Z,2026-08-23 01:30:00,2.81,mg/l,BOD,Biochemical Oxygen Demand
11815,2026-08-23T01:30:00.000Z,2026-08-23 01:30:00,0.3,mg/l,NO3,Nitrate
11795,2026-08-23T01:30:00.000Z,2026-08-23 01:30:00,3.3,mg/l,NO3,Nitrate
11810,2026-08-23T01:30:00.000Z,2026-08-23 01:30:00,8.39,---,pH,pH
11804,2026-08-23T01:30:00.000Z,2026-08-23 01:30:00,7.5,---,pH,pH
11815,2026-08-23T01:30:00.000Z,2026-08-23 01:30:00,24.1,m above MSL,S,Water Level
11815,2026-08-23T01:30:00.000Z,2026-08-23 01:30:00,228.89,mS/cm,EC,Conductivity
11795,2026-08-23T01:30:00.000Z,2026-08-23 01:30:00,233.0,mS/cm,EC,Conductivity
11822,2026-08-23T01:30:00.000Z,2026-08-23 01:30:00,6.89,mg/l,DO,Dissolved Oxygen
11817,2026-08-23T01:30:00.000Z,2026-08-23 01:30:00,27.36,mg/l,CL,Chloride
11798,2026-08-23T01:30:00.000Z,2026-08-23 01:30:00,110.31,NTU,WTb,Water Turbidity
11788,2026-08-23T01:30:00.000Z,2026-08-23 01:30:00,8.67,mg/l,DO,Dissolved Oxygen
11818,2026-08-23T01:30:00.000Z,2026-08-23 01:30:00,0.75,m,Depth,Depth
11822,2026-08-23T01:30:00.000Z,2026-08-23 01:30:00,1.14,m,Depth,Depth
11784,2026-08-23T01:30:00.000Z,2026-08-23 01:30:00,7.38,---,pH,pH
11788,2026-08-23T01:30:00.000Z,2026-08-23 01:30:00,5.0,mg/l,COD,Chemical Oxygen Demand
11798,2026-08-23T01:30:00.000Z,2026-08-23 01:30:00,30.7,°C,WT,Water Temperature
11810,2026-08-23T01:30:00.000Z,2026-08-23 01:30:00,0.3,mg/l,NO3,Nitrate
11804,2026-08-23T01:30:00.000Z,2026-08-23 01:30:00,0.3,mg/l,NO3,Nitrate
11802,2026-08-23T01:30:00.000Z,2026-08-23 01:30:00,4.19,mg/l,NO3,Nitrate
11792,2026-08-23T01:30:00.000Z,2026-08-23 01:30:00,5.85,mg/l,TOC,Total Organic Carbon
11822,2026-08-23T01:30:00.000Z,2026-08-23 01:30:00,12.59,mg/l,COD,Chemical Oxygen Demand
11797,2026-08-23T01:30:00.000Z,2026-08-23 01:30:00,69.82,m above MSL,S,Water Level
11802,2026-08-23T01:30:00.000Z,2026-08-23 01:30:00,627.2,mS/cm,EC,Conductivity
11813,2026-08-23T01:30:00.000Z,2026-08-23 01:30:00,261.8,NTU,WTb,Water Turbidity
11814,2026-08-23T01:30:00.000Z,2026-08-23 01:30:00,1.52,m,Depth,Depth
11807,2026-08-23T01:30:00.000Z,2026-08-23 01:30:00,117.11,NTU,WTb,Water Turbidity
11815,2026-08-23T01:30:00.000Z,2026-08-23 01:30:00,6.72,mg/l,DO,Dissolved Oxygen
11795,2026-08-23T01:30:00.000Z,2026-08-23 01:30:00,7.87,mg/l,DO,Dissolved Oxygen
11810,2026-08-23T01:30:00.000Z,2026-08-23 01:30:00,236.7,mS/cm,EC,Conductivity
11804,2026-08-23T01:30:00.000Z,2026-08-23 01:30:00,224.2,mS/cm,EC,Conductivity
11805,2026-08-23T01:30:00.000Z,2026-08-23 01:30:00,60.12,m above MSL,S,Water Level
11815,2026-08-23T01:30:00.000Z,2026-08-23 01:30:00,9.51,mg/l,COD,Chemical Oxygen Demand
11795,2026-08-23T01:30:00.000Z,2026-08-23 01:30:00,5.0,mg/l,COD,Chemical Oxygen Demand
11822,2026-08-23T01:30:00.000Z,2026-08-23 01:30:00,3.04,mg/l,BOD,Biochemical Oxygen Demand
11784,2026-08-23T01:30:00.000Z,2026-08-23 01:30:00,0.3,mg/l,NO3,Nitrate
11805,2026-08-23T01:30:00.000Z,2026-08-23 01:30:00,0.89,m,Depth,Depth
11788,2026-08-23T01:30:00.000Z,2026-08-23 01:30:00,0.5,mg/l,BOD,Biochemical Oxygen Demand
11798,2026-08-23T01:30:00.000Z,2026-08-23 01:30:00,7.81,mg/l,TOC,Total Organic Carbon
11813,2026-08-23T01:30:00.000Z,2026-08-23 01:30:00,31.15,°C,WT,Water Temperature
11807,2026-08-23T01:30:00.000Z,2026-08-23 01:30:00,30.45,°C,WT,Water Temperature
11784,2026-08-23T01:30:00.000Z,2026-08-23 01:30:00,163.1,mS/cm,EC,Conductivity
11789,2026-08-23T01:30:00.000Z,2026-08-23 01:30:00,74.45,NTU,WTb,Water Turbidity
11804,2026-08-23T01:30:00.000Z,2026-08-23 01:30:00,5.47,mg/l,CL,Chloride
11804,2026-08-23T01:30:00.000Z,2026-08-23 01:30:00,6.51,mg/l,DO,Dissolved Oxygen
11802,2026-08-23T01:30:00.000Z,2026-08-23 01:30:00,6.84,mg/l,DO,Dissolved Oxygen
11816,2026-08-23T01:30:00.000Z,2026-08-23 01:30:00,30.11,°C,WT,Water Temperature
11822,2026-08-23T01:30:00.000Z,2026-08-23 01:30:00,37.73,m above MSL,S,Water Level
11796,2026-08-23T01:30:00.000Z,2026-08-23 01:30:00,31.11,°C,WT,Water Temperature
11785,2026-08-23T01:30:00.000Z,2026-08-23 01:30:00,0.25,m,Depth,Depth
11785,2026-08-23T01:30:00.000Z,2026-08-23 01:30:00,1.0,mg/l,TOC,Total Organic Carbon
11800,2026-08-23T01:30:00.000Z,2026-08-23 01:30:00,4.66,mg/l,NO3,Nitrate
11786,2026-08-23T01:30:00.000Z,2026-08-23 01:30:00,5.0,mg/l,CL,Chloride
11790,2026-08-23T01:30:00.000Z,2026-08-23 01:30:00,11.32,mg/l,TOC,Total Organic Carbon
11821,2026-08-23T01:30:00.000Z,2026-08-23 01:30:00,6.71,---,pH,pH
11809,2026-08-23T01:30:00.000Z,2026-08-23 01:30:00,7.81,---,pH,pH
11790,2026-08-23T01:30:00.000Z,2026-08-23 01:30:00,104.19,mg/l,CL,Chloride
11800,2026-08-23T01:30:00.000Z,2026-08-23 01:30:00,578.6,mS/cm,EC,Conductivity
11802,2026-08-23T01:30:00.000Z,2026-08-23 01:30:00,0.73,m,Depth,Depth
11811,2026-08-23T01:30:00.000Z,2026-08-23 01:30:00,143.03,NTU,WTb,Water Turbidity
11821,2026-08-23T01:30:00.000Z,2026-08-23 01:30:00,5.0,mg/l,CL,Chloride
11805,2026-08-23T01:30:00.000Z,2026-08-23 01:30:00,92.27,NTU,WTb,Water Turbidity
11794,2026-08-23T01:30:00.000Z,2026-08-23 01:30:00,7.53,mg/l,DO,Dissolved Oxygen
11791,2026-08-23T01:30:00.000Z,2026-08-23 01:30:00,0.64,m,Depth,Depth
11794,2026-08-23T01:30:00.000Z,2026-08-23 01:30:00,6.55,mg/l,COD,Chemical Oxygen Demand
11821,2026-08-23T01:30:00.000Z,2026-08-23 01:30:00,0.3,mg/l,NO3,Nitrate
11809,2026-08-23T01:30:00.000Z,2026-08-23 01:30:00,0.3,mg/l,NO3,Nitrate
11816,2026-08-23T01:30:00.000Z,2026-08-23 01:30:00,3.3,mg/l,TOC,Total Organic Carbon
11796,2026-08-23T01:30:00.000Z,2026-08-23 01:30:00,5.85,mg/l,TOC,Total Organic Carbon
11811,2026-08-23T01:30:00.000Z,2026-08-23 01:30:00,27.81,°C,WT,Water Temperature
11818,2026-08-23T01:30:00.000Z,2026-08-23 01:30:00,20.22,mg/l,CL,Chloride
11805,2026-08-23T01:30:00.000Z,2026-08-23 01:30:00,29.78,°C,WT,Water Temperature
11819,2026-08-23T01:30:00.000Z,2026-08-23 01:30:00,61.1,m above MSL,S,Water Level
11800,2026-08-23T01:30:00.000Z,2026-08-23 01:30:00,6.72,mg/l,DO,Dissolved Oxygen
11821,2026-08-23T01:30:00.000Z,2026-08-23 01:30:00,479.0,mS/cm,EC,Conductivity
11809,2026-08-23T01:30:00.000Z,2026-08-23 01:30:00,135.5,mS/cm,EC,Conductivity
11800,2026-08-23T01:30:00.000Z,2026-08-23 01:30:00,22.64,mg/l,COD,Chemical Oxygen Demand
11790,2026-08-23T01:30:00.000Z,2026-08-23 01:30:00,7.23,---,pH,pH
11811,2026-08-23T01:30:00.000Z,2026-08-23 01:30:00,5.37,mg/l,TOC,Total Organic Carbon
11805,2026-08-23T01:30:00.000Z,2026-08-23 01:30:00,5.83,mg/l,TOC,Total Organic Carbon
11783,2026-08-23T01:30:00.000Z,2026-08-23 01:30:00,0.3,mg/l,NO3,Nitrate
11790,2026-08-23T01:30:00.000Z,2026-08-23 01:30:00,0.29,m,Depth,Depth
11793,2026-08-23T01:30:00.000Z,2026-08-23 01:30:00,93.84,mg/l,CL,Chloride
11794,2026-08-23T01:30:00.000Z,2026-08-23 01:30:00,1.59,mg/l,BOD,Biochemical Oxygen Demand
11785,2026-08-23T01:30:00.000Z,2026-08-23 01:30:00,7.99,---,pH,pH
11783,2026-08-23T01:30:00.000Z,2026-08-23 01:30:00,340.58,mS/cm,EC,Conductivity
11788,2026-08-23T01:30:00.000Z,2026-08-23 01:30:00,283.69,m above MSL,S,Water Level
11821,2026-08-23T01:30:00.000Z,2026-08-23 01:30:00,7.86,mg/l,DO,Dissolved Oxygen
11809,2026-08-23T01:30:00.000Z,2026-08-23 01:30:00,6.32,mg/l,DO,Dissolved Oxygen
11816,2026-08-23T01:30:00.000Z,2026-08-23 01:30:00,7.88,---,pH,pH
11796,2026-08-23T01:30:00.000Z,2026-08-23 01:30:00,8.31,---,pH,pH
11785,2026-08-23T01:30:00.000Z,2026-08-23 01:30:00,0.3,mg/l,NO3,Nitrate
11800,2026-08-23T01:30:00.000Z,2026-08-23 01:30:00,5.46,mg/l,BOD,Biochemical Oxygen Demand
11790,2026-08-23T01:30:00.000Z,2026-08-23 01:30:00,0.73,mg/l,NO3,Nitrate
11802,2026-08-23T01:30:00.000Z,2026-08-23 01:30:00,101.12,m above MSL,S,Water Level
11821,2026-08-23T01:30:00.000Z,2026-08-23 01:30:00,5.0,mg/l,COD,Chemical Oxygen Demand
11809,2026-08-23T01:30:00.000Z,2026-08-23 01:30:00,11.79,mg/l,COD,Chemical Oxygen Demand
11798,2026-08-23T01:30:00.000Z,2026-08-23 01:30:00,0.91,m,Depth,Depth
11790,2026-08-23T01:30:00.000Z,2026-08-23 01:30:00,696.2,mS/cm,EC,Conductivity
11783,2026-08-23T01:30:00.000Z,2026-08-23 01:30:00,6.29,mg/l,DO,Dissolved Oxygen
11793,2026-08-23T01:30:00.000Z,2026-08-23 01:30:00,93.74,NTU,WTb,Water Turbidity
11784,2026-08-23T01:30:00.000Z,2026-08-23 01:30:00,18.88,mg/l,CL,Chloride
11785,2026-08-23T01:30:00.000Z,2026-08-23 01:30:00,233.1,mS/cm,EC,Conductivity
11791,2026-08-23T01:30:00.000Z,2026-08-23 01:30:00,112.63,m above MSL,S,Water Level
11783,2026-08-23T01:30:00.000Z,2026-08-23 01:30:00,7.32,mg/l,COD,Chemical Oxygen Demand
11793,2026-08-23T01:30:00.000Z,2026-08-23 01:30:00,32.32,°C,WT,Water Temperature
11821,2026-08-23T01:30:00.000Z,2026-08-23 01:30:00,0.5,mg/l,BOD,Biochemical Oxygen Demand
11809,2026-08-23T01:30:00.000Z,2026-08-23 01:30:00,35.93,m above MSL,S,Water Level
11809,2026-08-23T01:30:00.000Z,2026-08-23 01:30:00,2.76,mg/l,BOD,Biochemical Oxygen Demand
11816,2026-08-23T01:30:00.000Z,2026-08-23 01:30:00,0.3,mg/l,NO3,Nitrate
11796,2026-08-23T01:30:00.000Z,2026-08-23 01:30:00,2.44,mg/l,NO3,Nitrate
11811,2026-08-23T01:30:00.000Z,2026-08-23 01:30:00,7.47,---,pH,pH
11805,2026-08-23T01:30:00.000Z,2026-08-23 01:30:00,7.77,---,pH,pH
11816,2026-08-23T01:30:00.000Z,2026-08-23 01:30:00,244.54,mS/cm,EC,Conductivity
11796,2026-08-23T01:30:00.000Z,2026-08-23 01:30:00,281.2,mS/cm,EC,Conductivity
11785,2026-08-23T01:30:00.000Z,2026-08-23 01:30:00,1.45,mg/l,DO,Dissolved Oxygen
11799,2026-08-23T01:30:00.000Z,2026-08-23 01:30:00,63.31,NTU,WTb,Water Turbidity
11790,2026-08-23T01:30:00.000Z,2026-08-23 01:30:00,2.86,mg/l,DO,Dissolved Oxygen
11808,2026-08-23T01:30:00.000Z,2026-08-23 01:30:00,20.76,mg/l,CL,Chloride
11799,2026-08-23T01:30:00.000Z,2026-08-23 01:30:00,31.2,°C,WT,Water Temperature
11790,2026-08-23T01:30:00.000Z,2026-08-23 01:30:00,19.25,mg/l,COD,Chemical Oxygen Demand
11811,2026-08-23T01:30:00.000Z,2026-08-23 01:30:00,0.3,mg/l,NO3,Nitrate
11805,2026-08-23T01:30:00.000Z,2026-08-23 01:30:00,0.3,mg/l,NO3,Nitrate
11796,2026-08-23T01:30:00.000Z,2026-08-23 01:30:00,0.88,m,Depth,Depth
11806,2026-08-23T01:30:00.000Z,2026-08-23 01:30:00,46.12,m above MSL,S,Water Level
11783,2026-08-23T01:30:00.000Z,2026-08-23 01:30:00,1.22,mg/l,BOD,Biochemical Oxygen Demand
11808,2026-08-23T01:30:00.000Z,2026-08-23 01:30:00,0.84,m,Depth,Depth
11793,2026-08-23T01:30:00.000Z,2026-08-23 01:30:00,10.58,mg/l,TOC,Total Organic Carbon
11785,2026-08-23T01:30:00.000Z,2026-08-23 01:30:00,5.0,mg/l,COD,Chemical Oxygen Demand
11817,2026-08-23T01:30:00.000Z,2026-08-23 01:30:00,3.98,m,Depth,Depth
11805,2026-08-23T01:30:00.000Z,2026-08-23 01:30:00,22.43,mg/l,CL,Chloride
11820,2026-08-23T01:30:00.000Z,2026-08-23 01:30:00,318.9,NTU,WTb,Water Turbidity
11808,2026-08-23T01:30:00.000Z,2026-08-23 01:30:00,86.1,NTU,WTb,Water Turbidity
11816,2026-08-23T01:30:00.000Z,2026-08-23 01:30:00,6.67,mg/l,DO,Dissolved Oxygen
11796,2026-08-23T01:30:00.000Z,2026-08-23 01:30:00,7.98,mg/l,DO,Dissolved Oxygen
11811,2026-08-23T01:30:00.000Z,2026-08-23 01:30:00,215.9,mS/cm,EC,Conductivity
11805,2026-08-23T01:30:00.000Z,2026-08-23 01:30:00,205.48,mS/cm,EC,Conductivity
11811,2026-08-23T01:30:00.000Z,2026-08-23 01:30:00,5.0,mg/l,CL,Chloride
11816,2026-08-23T01:30:00.000Z,2026-08-23 01:30:00,6.36,mg/l,COD,Chemical Oxygen Demand
11796,2026-08-23T01:30:00.000Z,2026-08-23 01:30:00,12.75,mg/l,COD,Chemical Oxygen Demand
11785,2026-08-23T01:30:00.000Z,2026-08-23 01:30:00,0.5,mg/l,BOD,Biochemical Oxygen Demand
11799,2026-08-23T01:30:00.000Z,2026-08-23 01:30:00,2.97,mg/l,TOC,Total Organic Carbon
11790,2026-08-23T01:30:00.000Z,2026-08-23 01:30:00,4.53,mg/l,BOD,Biochemical Oxygen Demand
11820,2026-08-23T01:30:00.000Z,2026-08-23 01:30:00,31.0,°C,WT,Water Temperature
11785,2026-08-23T01:30:00.000Z,2026-08-23 01:30:00,600.22,m above MSL,S,Water Level
11808,2026-08-23T01:30:00.000Z,2026-08-23 01:30:00,29.65,°C,WT,Water Temperature
11789,2026-08-23T01:30:00.000Z,2026-08-23 01:30:00,0.29,m,Depth,Depth
11811,2026-08-23T01:30:00.000Z,2026-08-23 01:30:00,7.44,mg/l,DO,Dissolved Oxygen
11805,2026-08-23T01:30:00.000Z,2026-08-23 01:30:00,5.63,mg/l,DO,Dissolved Oxygen
11803,2026-08-22T14:30:00.000Z,2026-08-22 14:30:00,7.67,mg/l,DO,Dissolved Oxygen
11793,2026-08-23T01:30:00.000Z,2026-08-23 01:30:00,1.46,m,Depth,Depth
11812,2026-08-23T01:30:00.000Z,2026-08-23 01:30:00,135.61,m above MSL,S,Water Level
11803,2026-08-22T14:30:00.000Z,2026-08-22 14:30:00,17.85,mg/l,COD,Chemical Oxygen Demand
11793,2026-08-23T01:30:00.000Z,2026-08-23 01:30:00,7.52,---,pH,pH
11820,2026-08-23T01:30:00.000Z,2026-08-23 01:30:00,4.13,mg/l,TOC,Total Organic Carbon
11808,2026-08-23T01:30:00.000Z,2026-08-23 01:30:00,5.55,mg/l,TOC,Total Organic Carbon
11816,2026-08-23T01:30:00.000Z,2026-08-23 01:30:00,1.37,mg/l,BOD,Biochemical Oxygen Demand
11796,2026-08-23T01:30:00.000Z,2026-08-23 01:30:00,3.05,mg/l,BOD,Biochemical Oxygen Demand
11811,2026-08-23T01:30:00.000Z,2026-08-23 01:30:00,12.08,mg/l,COD,Chemical Oxygen Demand
11805,2026-08-23T01:30:00.000Z,2026-08-23 01:30:00,13.13,mg/l,COD,Chemical Oxygen Demand
11822,2026-08-23T01:30:00.000Z,2026-08-23 01:30:00,306.5,NTU,WTb,Water Turbidity
11788,2026-08-23T01:30:00.000Z,2026-08-23 01:30:00,551.31,NTU,WTb,Water Turbidity
11814,2026-08-23T01:30:00.000Z,2026-08-23 01:30:00,6.82,mg/l,COD,Chemical Oxygen Demand
11818,2026-08-23T01:30:00.000Z,2026-08-23 01:30:00,6.53,mg/l,COD,Chemical Oxygen Demand
11787,2026-08-23T01:30:00.000Z,2026-08-23 01:30:00,0.5,mg/l,BOD,Biochemical Oxygen Demand
11819,2026-08-23T01:30:00.000Z,2026-08-23 01:30:00,2.56,mg/l,BOD,Biochemical Oxygen Demand
11816,2026-08-23T01:30:00.000Z,2026-08-23 01:30:00,12.04,m above MSL,S,Water Level
11817,2026-08-23T01:30:00.000Z,2026-08-23 01:30:00,3.44,mg/l,TOC,Total Organic Carbon
11797,2026-08-23T01:30:00.000Z,2026-08-23 01:30:00,7.79,mg/l,TOC,Total Organic Carbon
11795,2026-08-23T01:30:00.000Z,2026-08-23 01:30:00,0.84,m,Depth,Depth
11812,2026-08-23T01:30:00.000Z,2026-08-23 01:30:00,29.05,°C,WT,Water Temperature
11806,2026-08-23T01:30:00.000Z,2026-08-23 01:30:00,31.4,°C,WT,Water Temperature
11804,2026-08-23T01:30:00.000Z,2026-08-23 01:30:00,1.3,m,Depth,Depth
11801,2026-08-23T01:30:00.000Z,2026-08-23 01:30:00,7.34,mg/l,DO,Dissolved Oxygen
11801,2026-08-23T01:30:00.000Z,2026-08-23 01:30:00,12.89,mg/l,COD,Chemical Oxygen Demand
11815,2026-08-23T01:30:00.000Z,2026-08-23 01:30:00,21.45,mg/l,CL,Chloride
11791,2026-08-23T01:30:00.000Z,2026-08-23 01:30:00,8.76,---,pH,pH
11803,2026-08-22T14:30:00.000Z,2026-08-22 14:30:00,170.72,m above MSL,S,Water Level
11812,2026-08-23T01:30:00.000Z,2026-08-23 01:30:00,2.76,mg/l,TOC,Total Organic Carbon
11807,2026-08-23T01:30:00.000Z,2026-08-23 01:30:00,0.76,m,Depth,Depth
11806,2026-08-23T01:30:00.000Z,2026-08-23 01:30:00,12.62,mg/l,TOC,Total Organic Carbon
11814,2026-08-23T01:30:00.000Z,2026-08-23 01:30:00,1.33,mg/l,BOD,Biochemical Oxygen Demand
11818,2026-08-23T01:30:00.000Z,2026-08-23 01:30:00,1.53,mg/l,BOD,Biochemical Oxygen Demand
11802,2026-08-23T01:30:00.000Z,2026-08-23 01:30:00,64.5,mg/l,CL,Chloride
11786,2026-08-23T01:30:00.000Z,2026-08-23 01:30:00,253.62,NTU,WTb,Water Turbidity
11810,2026-08-23T01:30:00.000Z,2026-08-23 01:30:00,6.71,mg/l,DO,Dissolved Oxygen
11810,2026-08-23T01:30:00.000Z,2026-08-23 01:30:00,0.69,m,Depth,Depth
11817,2026-08-23T01:30:00.000Z,2026-08-23 01:30:00,6.41,---,pH,pH
11797,2026-08-23T01:30:00.000Z,2026-08-23 01:30:00,8.5,---,pH,pH
11800,2026-08-23T01:30:00.000Z,2026-08-23 01:30:00,60.14,mg/l,CL,Chloride
11786,2026-08-23T01:30:00.000Z,2026-08-23 01:30:00,0.3,mg/l,NO3,Nitrate
11801,2026-08-23T01:30:00.000Z,2026-08-23 01:30:00,2.89,mg/l,BOD,Biochemical Oxygen Demand
11791,2026-08-23T01:30:00.000Z,2026-08-23 01:30:00,2.2,mg/l,NO3,Nitrate
11786,2026-08-23T01:30:00.000Z,2026-08-23 01:30:00,15.38,°C,WT,Water Temperature
11810,2026-08-23T01:30:00.000Z,2026-08-23 01:30:00,11.49,mg/l,COD,Chemical Oxygen Demand
11791,2026-08-23T01:30:00.000Z,2026-08-23 01:30:00,250.98,mS/cm,EC,Conductivity
11801,2026-08-23T01:30:00.000Z,2026-08-23 01:30:00,100.62,m above MSL,S,Water Level
11815,2026-08-23T01:30:00.000Z,2026-08-23 01:30:00,2.1,m,Depth,Depth
11803,2026-08-22T14:30:00.000Z,2026-08-22 14:30:00,55.77,NTU,WTb,Water Turbidity
11794,2026-08-23T01:30:00.000Z,2026-08-23 01:30:00,96.74,NTU,WTb,Water Turbidity
11786,2026-08-23T01:30:00.000Z,2026-08-23 01:30:00,168.4,mS/cm,EC,Conductivity
11795,2026-08-23T01:30:00.000Z,2026-08-23 01:30:00,90.88,m above MSL,S,Water Level
11803,2026-08-22T14:30:00.000Z,2026-08-22 14:30:00,30.43,°C,WT,Water Temperature
11794,2026-08-23T01:30:00.000Z,2026-08-23 01:30:00,32.52,°C,WT,Water Temperature
11786,2026-08-23T01:30:00.000Z,2026-08-23 01:30:00,1.0,mg/l,TOC,Total Organic Carbon
11810,2026-08-23T01:30:00.000Z,2026-08-23 01:30:00,2.18,mg/l,BOD,Biochemical Oxygen Demand
11817,2026-08-23T01:30:00.000Z,2026-08-23 01:30:00,0.3,mg/l,NO3,Nitrate
11797,2026-08-23T01:30:00.000Z,2026-08-23 01:30:00,1.81,mg/l,NO3,Nitrate
11812,2026-08-23T01:30:00.000Z,2026-08-23 01:30:00,7.45,---,pH,pH
11797,2026-08-23T01:30:00.000Z,2026-08-23 01:30:00,39.0,mg/l,CL,Chloride
11806,2026-08-23T01:30:00.000Z,2026-08-23 01:30:00,6.89,---,pH,pH
11817,2026-08-23T01:30:00.000Z,2026-08-23 01:30:00,238.46,mS/cm,EC,Conductivity
11797,2026-08-23T01:30:00.000Z,2026-08-23 01:30:00,454.0,mS/cm,EC,Conductivity
11786,2026-08-23T01:30:00.000Z,2026-08-23 01:30:00,8.37,mg/l,DO,Dissolved Oxygen
11800,2026-08-23T01:30:00.000Z,2026-08-23 01:30:00,98.79,NTU,WTb,Water Turbidity
11791,2026-08-23T01:30:00.000Z,2026-08-23 01:30:00,7.96,mg/l,DO,Dissolved Oxygen
11798,2026-08-23T01:30:00.000Z,2026-08-23 01:30:00,62.11,m above MSL,S,Water Level
11786,2026-08-23T01:30:00.000Z,2026-08-23 01:30:00,8.24,---,pH,pH
11800,2026-08-23T01:30:00.000Z,2026-08-23 01:30:00,31.18,°C,WT,Water Temperature
11791,2026-08-23T01:30:00.000Z,2026-08-23 01:30:00,16.29,mg/l,COD,Chemical Oxygen Demand
11812,2026-08-23T01:30:00.000Z,2026-08-23 01:30:00,0.3,mg/l,NO3,Nitrate
11806,2026-08-23T01:30:00.000Z,2026-08-23 01:30:00,0.3,mg/l,NO3,Nitrate
11803,2026-08-22T14:30:00.000Z,2026-08-22 14:30:00,10.5,mg/l,TOC,Total Organic Carbon
11794,2026-08-23T01:30:00.000Z,2026-08-23 01:30:00,3.52,mg/l,TOC,Total Organic Carbon
11786,2026-08-23T01:30:00.000Z,2026-08-23 01:30:00,5.0,mg/l,COD,Chemical Oxygen Demand
11789,2026-08-23T01:30:00.000Z,2026-08-23 01:30:00,206.34,m above MSL,S,Water Level
11821,2026-08-23T01:30:00.000Z,2026-08-23 01:30:00,323.67,NTU,WTb,Water Turbidity
11809,2026-08-23T01:30:00.000Z,2026-08-23 01:30:00,506.8,NTU,WTb,Water Turbidity
11809,2026-08-23T01:30:00.000Z,2026-08-23 01:30:00,1.14,m,Depth,Depth
11817,2026-08-23T01:30:00.000Z,2026-08-23 01:30:00,6.78,mg/l,DO,Dissolved Oxygen
11797,2026-08-23T01:30:00.000Z,2026-08-23 01:30:00,7.31,mg/l,DO,Dissolved Oxygen
11812,2026-08-23T01:30:00.000Z,2026-08-23 01:30:00,342.05,mS/cm,EC,Conductivity
11806,2026-08-23T01:30:00.000Z,2026-08-23 01:30:00,188.65,mS/cm,EC,Conductivity
11817,2026-08-23T01:30:00.000Z,2026-08-23 01:30:00,6.56,mg/l,COD,Chemical Oxygen Demand
11797,2026-08-23T01:30:00.000Z,2026-08-23 01:30:00,15.59,mg/l,COD,Chemical Oxygen Demand
11786,2026-08-23T01:30:00.000Z,2026-08-23 01:30:00,0.5,mg/l,BOD,Biochemical Oxygen Demand
11813,2026-08-23T01:30:00.000Z,2026-08-23 01:30:00,36.56,m above MSL,S,Water Level
11800,2026-08-23T01:30:00.000Z,2026-08-23 01:30:00,9.93,mg/l,TOC,Total Organic Carbon
11791,2026-08-23T01:30:00.000Z,2026-08-23 01:30:00,3.83,mg/l,BOD,Biochemical Oxygen Demand
11821,2026-08-23T01:30:00.000Z,2026-08-23 01:30:00,15.71,°C,WT,Water Temperature
11809,2026-08-23T01:30:00.000Z,2026-08-23 01:30:00,29.66,°C,WT,Water Temperature
11800,2026-08-23T01:30:00.000Z,2026-08-23 01:30:00,1.12,m,Depth,Depth
11812,2026-08-23T01:30:00.000Z,2026-08-23 01:30:00,6.94,mg/l,DO,Dissolved Oxygen
11806,2026-08-23T01:30:00.000Z,2026-08-23 01:30:00,2.42,mg/l,DO,Dissolved Oxygen
11812,2026-08-23T01:30:00.000Z,2026-08-23 01:30:00,91.63,mg/l,CL,Chloride
11803,2026-08-22T14:30:00.000Z,2026-08-22 14:30:00,7.67,---,pH,pH
11794,2026-08-23T01:30:00.000Z,2026-08-23 01:30:00,7.51,---,pH,pH
11821,2026-08-23T01:30:00.000Z,2026-08-23 01:30:00,1.0,mg/l,TOC,Total Organic Carbon
11809,2026-08-23T01:30:00.000Z,2026-08-23 01:30:00,5.39,mg/l,TOC,Total Organic Carbon
11817,2026-08-23T01:30:00.000Z,2026-08-23 01:30:00,1.52,mg/l,BOD,Biochemical Oxygen Demand
11797,2026-08-23T01:30:00.000Z,2026-08-23 01:30:00,3.05,mg/l,BOD,Biochemical Oxygen Demand
11822,2026-08-23T01:30:00.000Z,2026-08-23 01:30:00,19.78,mg/l,CL,Chloride
11812,2026-08-23T01:30:00.000Z,2026-08-23 01:30:00,7.93,mg/l,COD,Chemical Oxygen Demand
11806,2026-08-23T01:30:00.000Z,2026-08-23 01:30:00,25.24,mg/l,COD,Chemical Oxygen Demand
11785,2026-08-23T01:30:00.000Z,2026-08-23 01:30:00,1.27,NTU,WTb,Water Turbidity
11791,2026-08-23T01:30:00.000Z,2026-08-23 01:30:00,24.93,mg/l,CL,Chloride
11790,2026-08-23T01:30:00.000Z,2026-08-23 01:30:00,41.97,NTU,WTb,Water Turbidity
11783,2026-08-23T01:30:00.000Z,2026-08-23 01:30:00,67.83,m above MSL,S,Water Level
11800,2026-08-23T01:30:00.000Z,2026-08-23 01:30:00,8.48,---,pH,pH
11790,2026-08-23T01:30:00.000Z,2026-08-23 01:30:00,31.5,°C,WT,Water Temperature
11812,2026-08-23T01:30:00.000Z,2026-08-23 01:30:00,1.51,mg/l,BOD,Biochemical Oxygen Demand
11819,2026-08-23T01:30:00.000Z,2026-08-23 01:30:00,24.56,mg/l,CL,Chloride
11784,2026-08-23T01:30:00.000Z,2026-08-23 01:30:00,0.72,m,Depth,Depth
11806,2026-08-23T01:30:00.000Z,2026-08-23 01:30:00,6.31,mg/l,BOD,Biochemical Oxygen Demand
11803,2026-08-22T14:30:00.000Z,2026-08-22 14:30:00,5.68,mg/l,NO3,Nitrate
11794,2026-08-23T01:30:00.000Z,2026-08-23 01:30:00,0.76,mg/l,NO3,Nitrate
11785,2026-08-23T01:30:00.000Z,2026-08-23 01:30:00,23.99,°C,WT,Water Temperature
11803,2026-08-22T14:30:00.000Z,2026-08-22 14:30:00,148.0,mS/cm,EC,Conductivity
11794,2026-08-23T01:30:00.000Z,2026-08-23 01:30:00,241.09,mS/cm,EC,Conductivity
11816,2026-08-23T01:30:00.000Z,2026-08-23 01:30:00,155.87,NTU,WTb,Water Turbidity
11796,2026-08-23T01:30:00.000Z,2026-08-23 01:30:00,248.04,NTU,WTb,Water Turbidity
11802,2026-08-23T01:30:00.000Z,2026-08-23 01:30:00,16.51,mg/l,COD,Chemical Oxygen Demand
11792,2026-08-23T01:30:00.000Z,2026-08-23 01:30:00,7.87,---,pH,pH
11813,2026-08-23T01:30:00.000Z,2026-08-23 01:30:00,4.04,mg/l,TOC,Total Organic Carbon
11807,2026-08-23T01:30:00.000Z,2026-08-23 01:30:00,5.39,mg/l,TOC,Total Organic Carbon
11815,2026-08-23T01:30:00.000Z,2026-08-23 01:30:00,2.14,mg/l,BOD,Biochemical Oxygen Demand
11795,2026-08-23T01:30:00.000Z,2026-08-23 01:30:00,0.5,mg/l,BOD,Biochemical Oxygen Demand
11789,2026-08-23T01:30:00.000Z,2026-08-23 01:30:00,28.82,°C,WT,Water Temperature
11801,2026-08-23T01:30:00.000Z,2026-08-23 01:30:00,43.45,mg/l,CL,Chloride
11804,2026-08-23T01:30:00.000Z,2026-08-23 01:30:00,11.68,mg/l,COD,Chemical Oxygen Demand
11819,2026-08-23T01:30:00.000Z,2026-08-23 01:30:00,109.44,NTU,WTb,Water Turbidity
11787,2026-08-23T01:30:00.000Z,2026-08-23 01:30:00,202.02,NTU,WTb,Water Turbidity
11786,2026-08-23T01:30:00.000Z,2026-08-23 01:30:00,641.42,m above MSL,S,Water Level
11784,2026-08-23T01:30:00.000Z,2026-08-23 01:30:00,7.37,mg/l,DO,Dissolved Oxygen
11804,2026-08-23T01:30:00.000Z,2026-08-23 01:30:00,57.12,m above MSL,S,Water Level
11784,2026-08-23T01:30:00.000Z,2026-08-23 01:30:00,11.41,mg/l,COD,Chemical Oxygen Demand
11788,2026-08-23T01:30:00.000Z,2026-08-23 01:30:00,1.08,m,Depth,Depth
11798,2026-08-23T01:30:00.000Z,2026-08-23 01:30:00,8.18,---,pH,pH
11789,2026-08-23T01:30:00.000Z,2026-08-23 01:30:00,6.89,mg/l,TOC,Total Organic Carbon
11804,2026-08-23T01:30:00.000Z,2026-08-23 01:30:00,2.57,mg/l,BOD,Biochemical Oxygen Demand
11802,2026-08-23T01:30:00.000Z,2026-08-23 01:30:00,3.44,mg/l,BOD,Biochemical Oxygen Demand
11792,2026-08-23T01:30:00.000Z,2026-08-23 01:30:00,1.93,mg/l,NO3,Nitrate
11819,2026-08-23T01:30:00.000Z,2026-08-23 01:30:00,31.2,°C,WT,Water Temperature
11787,2026-08-23T01:30:00.000Z,2026-08-23 01:30:00,19.96,°C,WT,Water Temperature
11792,2026-08-23T01:30:00.000Z,2026-08-23 01:30:00,222.5,mS/cm,EC,Conductivity
11814,2026-08-23T01:30:00.000Z,2026-08-23 01:30:00,2.74,NTU,WTb,Water Turbidity
11818,2026-08-23T01:30:00.000Z,2026-08-23 01:30:00,135.97,NTU,WTb,Water Turbidity
11814,2026-08-23T01:30:00.000Z,2026-08-23 01:30:00,29.96,°C,WT,Water Temperature
11818,2026-08-23T01:30:00.000Z,2026-08-23 01:30:00,31.41,°C,WT,Water Temperature
11819,2026-08-23T01:30:00.000Z,2026-08-23 01:30:00,5.28,mg/l,TOC,Total Organic Carbon
11787,2026-08-23T01:30:00.000Z,2026-08-23 01:30:00,1.0,mg/l,TOC,Total Organic Carbon
11784,2026-08-23T01:30:00.000Z,2026-08-23 01:30:00,2.5,mg/l,BOD,Biochemical Oxygen Demand
11798,2026-08-23T01:30:00.000Z,2026-08-23 01:30:00,1.9,mg/l,NO3,Nitrate
11813,2026-08-23T01:30:00.000Z,2026-08-23 01:30:00,8.19,---,pH,pH
11810,2026-08-23T01:30:00.000Z,2026-08-23 01:30:00,55.41,m above MSL,S,Water Level
11807,2026-08-23T01:30:00.000Z,2026-08-23 01:30:00,7.47,---,pH,pH
11809,2026-08-23T01:30:00.000Z,2026-08-23 01:30:00,5.0,mg/l,CL,Chloride
11798,2026-08-23T01:30:00.000Z,2026-08-23 01:30:00,470.8,mS/cm,EC,Conductivity
11801,2026-08-23T01:30:00.000Z,2026-08-23 01:30:00,73.39,NTU,WTb,Water Turbidity
11792,2026-08-23T01:30:00.000Z,2026-08-23 01:30:00,6.82,mg/l,DO,Dissolved Oxygen
11801,2026-08-23T01:30:00.000Z,2026-08-23 01:30:00,32.85,°C,WT,Water Temperature
11792,2026-08-23T01:30:00.000Z,2026-08-23 01:30:00,11.7,mg/l,COD,Chemical Oxygen Demand
11801,2026-08-23T01:30:00.000Z,2026-08-23 01:30:00,1.0,m,Depth,Depth
11813,2026-08-23T01:30:00.000Z,2026-08-23 01:30:00,0.3,mg/l,NO3,Nitrate
11807,2026-08-23T01:30:00.000Z,2026-08-23 01:30:00,0.3,mg/l,NO3,Nitrate
11814,2026-08-23T01:30:00.000Z,2026-08-23 01:30:00,2.6,mg/l,TOC,Total Organic Carbon
11806,2026-08-23T01:30:00.000Z,2026-08-23 01:30:00,20.04,mg/l,CL,Chloride
11818,2026-08-23T01:30:00.000Z,2026-08-23 01:30:00,3.52,mg/l,TOC,Total Organic Carbon
11789,2026-08-23T01:30:00.000Z,2026-08-23 01:30:00,7.61,---,pH,pH
11807,2026-08-23T01:30:00.000Z,2026-08-23 01:30:00,51.23,m above MSL,S,Water Level
11783,2026-08-23T01:30:00.000Z,2026-08-23 01:30:00,3.57,NTU,WTb,Water Turbidity
11798,2026-08-23T01:30:00.000Z,2026-08-23 01:30:00,7.43,mg/l,DO,Dissolved Oxygen
11813,2026-08-23T01:30:00.000Z,2026-08-23 01:30:00,223.5,mS/cm,EC,Conductivity
11807,2026-08-23T01:30:00.000Z,2026-08-23 01:30:00,208.85,mS/cm,EC,Conductivity
11783,2026-08-23T01:30:00.000Z,2026-08-23 01:30:00,30.43,°C,WT,Water Temperature
11821,2026-08-23T01:30:00.000Z,2026-08-23 01:30:00,0.61,m,Depth,Depth
11798,2026-08-23T01:30:00.000Z,2026-08-23 01:30:00,15.68,mg/l,COD,Chemical Oxygen Demand
11783,2026-08-23T01:30:00.000Z,2026-08-23 01:30:00,36.55,mg/l,CL,Chloride
11789,2026-08-23T01:30:00.000Z,2026-08-23 01:30:00,4.1,mg/l,NO3,Nitrate
11801,2026-08-23T01:30:00.000Z,2026-08-23 01:30:00,5.6,mg/l,TOC,Total Organic Carbon
11813,2026-08-23T01:30:00.000Z,2026-08-23 01:30:00,0.68,m,Depth,Depth
11792,2026-08-23T01:30:00.000Z,2026-08-23 01:30:00,2.96,mg/l,BOD,Biochemical Oxygen Demand
11787,2026-08-23T01:30:00.000Z,2026-08-23 01:30:00,8.14,---,pH,pH
11819,2026-08-23T01:30:00.000Z,2026-08-23 01:30:00,7.49,---,pH,pH
11784,2026-08-23T01:30:00.000Z,2026-08-23 01:30:00,308.11,m above MSL,S,Water Level
11813,2026-08-23T01:30:00.000Z,2026-08-23 01:30:00,6.4,mg/l,DO,Dissolved Oxygen
11796,2026-08-23T01:30:00.000Z,2026-08-23 01:30:00,93.49,m above MSL,S,Water Level
11807,2026-08-23T01:30:00.000Z,2026-08-23 01:30:00,7.3,mg/l,DO,Dissolved Oxygen
11789,2026-08-23T01:30:00.000Z,2026-08-23 01:30:00,511.0,mS/cm,EC,Conductivity
11814,2026-08-23T01:30:00.000Z,2026-08-23 01:30:00,8.25,---,pH,pH
11818,2026-08-23T01:30:00.000Z,2026-08-23 01:30:00,7.53,---,pH,pH
11787,2026-08-23T01:30:00.000Z,2026-08-23 01:30:00,0.3,mg/l,NO3,Nitrate
11819,2026-08-23T01:30:00.000Z,2026-08-23 01:30:00,0.3,mg/l,NO3,Nitrate
11789,2026-08-23T01:30:00.000Z,2026-08-23 01:30:00,31.87,mg/l,CL,Chloride
11783,2026-08-23T01:30:00.000Z,2026-08-23 01:30:00,3.42,mg/l,TOC,Total Organic Carbon
11798,2026-08-23T01:30:00.000Z,2026-08-23 01:30:00,3.36,mg/l,BOD,Biochemical Oxygen Demand
11813,2026-08-23T01:30:00.000Z,2026-08-23 01:30:00,9.33,mg/l,COD,Chemical Oxygen Demand
11807,2026-08-23T01:30:00.000Z,2026-08-23 01:30:00,12.15,mg/l,COD,Chemical Oxygen Demand
11783,2026-08-23T01:30:00.000Z,2026-08-23 01:30:00,8.02,---,pH,pH
11797,2026-08-23T01:30:00.000Z,2026-08-23 01:30:00,0.82,m,Depth,Depth
11789,2026-08-23T01:30:00.000Z,2026-08-23 01:30:00,0.2,mg/l,DO,Dissolved Oxygen
11791,2026-08-23T01:30:00.000Z,2026-08-23 01:30:00,351.25,NTU,WTb,Water Turbidity
11788,2026-08-23T01:30:00.000Z,2026-08-23 01:30:00,5.0,mg/l,CL,Chloride
11787,2026-08-23T01:30:00.000Z,2026-08-23 01:30:00,147.82,mS/cm,EC,Conductivity
11819,2026-08-23T01:30:00.000Z,2026-08-23 01:30:00,330.22,mS/cm,EC,Conductivity
11801,2026-08-23T01:30:00.000Z,2026-08-23 01:30:00,8.22,---,pH,pH
11791,2026-08-23T01:30:00.000Z,2026-08-23 01:30:00,24.72,°C,WT,Water Temperature
11799,2026-08-23T01:30:00.000Z,2026-08-23 01:30:00,60.91,m above MSL,S,Water Level
11813,2026-08-23T01:30:00.000Z,2026-08-23 01:30:00,2.02,mg/l,BOD,Biochemical Oxygen Demand
11816,2026-08-23T01:30:00.000Z,2026-08-23 01:30:00,0.85,m,Depth,Depth
11790,2026-08-23T01:30:00.000Z,2026-08-23 01:30:00,206.23,m above MSL,S,Water Level
11807,2026-08-23T01:30:00.000Z,2026-08-23 01:30:00,2.73,mg/l,BOD,Biochemical Oxygen Demand
11814,2026-08-23T01:30:00.000Z,2026-08-23 01:30:00,0.3,mg/l,NO3,Nitrate
11819,2026-08-23T01:30:00.000Z,2026-08-23 01:30:00,0.77,m,Depth,Depth
11818,2026-08-23T01:30:00.000Z,2026-08-23 01:30:00,5.51,mg/l,NO3,Nitrate
11789,2026-08-23T01:30:00.000Z,2026-08-23 01:30:00,16.29,mg/l,COD,Chemical Oxygen Demand
11814,2026-08-23T01:30:00.000Z,2026-08-23 01:30:00,344.7,mS/cm,EC,Conductivity
11818,2026-08-23T01:30:00.000Z,2026-08-23 01:30:00,255.57,mS/cm,EC,Conductivity
11798,2026-08-23T01:30:00.000Z,2026-08-23 01:30:00,54.0,mg/l,CL,Chloride
11787,2026-08-23T01:30:00.000Z,2026-08-23 01:30:00,9.05,mg/l,DO,Dissolved Oxygen
11819,2026-08-23T01:30:00.000Z,2026-08-23 01:30:00,5.41,mg/l,DO,Dissolved Oxygen
11817,2026-08-23T01:30:00.000Z,2026-08-23 01:30:00,159.74,NTU,WTb,Water Turbidity
11797,2026-08-23T01:30:00.000Z,2026-08-23 01:30:00,89.06,NTU,WTb,Water Turbidity
11817,2026-08-23T01:30:00.000Z,2026-08-23 01:30:00,29.71,°C,WT,Water Temperature
11797,2026-08-23T01:30:00.000Z,2026-08-23 01:30:00,31.41,°C,WT,Water Temperature
11789,2026-08-23T01:30:00.000Z,2026-08-23 01:30:00,2.97,mg/l,BOD,Biochemical Oxygen Demand
11801,2026-08-23T01:30:00.000Z,2026-08-23 01:30:00,3.71,mg/l,NO3,Nitrate
11791,2026-08-23T01:30:00.000Z,2026-08-23 01:30:00,9.58,mg/l,TOC,Total Organic Carbon
11816,2026-08-23T01:30:00.000Z,2026-08-23 01:30:00,27.58,mg/l,CL,Chloride
11803,2026-08-22T14:30:00.000Z,2026-08-22 14:30:00,28.93,mg/l,CL,Chloride
11787,2026-08-23T01:30:00.000Z,2026-08-23 01:30:00,5.0,mg/l,COD,Chemical Oxygen Demand
11793,2026-08-23T01:30:00.000Z,2026-08-23 01:30:00,164.25,m above MSL,S,Water Level
11819,2026-08-23T01:30:00.000Z,2026-08-23 01:30:00,11.58,mg/l,COD,Chemical Oxygen Demand
11801,2026-08-23T01:30:00.000Z,2026-08-23 01:30:00,655.9,mS/cm,EC,Conductivity
11812,2026-08-23T01:30:00.000Z,2026-08-23 01:30:00,63.47,NTU,WTb,Water Turbidity
11806,2026-08-23T01:30:00.000Z,2026-08-23 01:30:00,31.86,NTU,WTb,Water Turbidity
11783,2026-08-23T01:30:00.000Z,2026-08-23 01:30:00,2.13,m,Depth,Depth
11814,2026-08-23T01:30:00.000Z,2026-08-23 01:30:00,131.02,m above MSL,S,Water Level
11811,2026-08-23T01:30:00.000Z,2026-08-23 01:30:00,0.98,m,Depth,Depth
11814,2026-08-23T01:30:00.000Z,2026-08-23 01:30:00,7.4,mg/l,DO,Dissolved Oxygen
11818,2026-08-23T01:30:00.000Z,2026-08-23 01:30:00,7.58,mg/l,DO,Dissolved Oxygen
11795,2026-08-23T01:30:00.000Z,2026-08-23 01:30:00,5.0,mg/l,CL,Chloride
